,title
Highly integrated electronic 3D devices With the help of LPKF Laser  Electronics AGs laser direct structuring a leading process in molded interconnect device  ,3D-MID Technology with Laser Direct Structuring (LDS) - LPKF
Jan 24 2014  Molded interconnect devices MIDs are 3dimensional electromechanical parts  The appeal of a device such as the MID is easily recognized,What are molded interconnect devices? - EDN
LPKF Laser Direct Structuring LDS Molded Interconnect Devices MID,Molded Interconnect Devices - LPKF Laser & Electronics
Molded interconnect devices MIDs and laser direct structuring LDS  for MID solutions to include other electronics and components like antennas and sensor ,MID / LDS Technology – Molex
Molex combines advanced MID technology with LDS antenna expertise to deliver  Molex has developed an innovative Molded Interconnect DeviceLaser Direct  applications that meet required medicalgrade electronic device guidelines,MediSpec MID/LDS Capabilities - Molex
Aug 31 2018  LDS allows to eliminate components in electronic devices such as antennae in smartphones thus reducing assembly time and device production ,Molded Interconnect Device - Markets and Markets
Rising demand for miniaturization in consumer electronics industry to fuel MID market growth There is growing demand for todays portable electronic devices ,Molded Interconnect Device MID Market - Markets and Markets
TE Connectivity TE is a global leader in MID Molded Interconnect Devices technology  MID offers stateoftheart custom designs for consumer electronics ,mid technology - TE Connectivity
Design tracks on a 3Dbody Molded Interconnect Device MID  only need something to hold and connect your electronics components think about an MID,Molded Interconnect Device (MID) - TARGET 3001! PCB ...
